customer_id,churn_prob,churn_status
12347,0.0,Low Risk
12348,0.0,Low Risk
12352,0.06,Low Risk
12356,0.0,Low Risk
12358,0.28,Low Risk
12359,0.03,Low Risk
12360,0.15,Low Risk
12362,0.0,Low Risk
12363,0.92,High Risk
12364,0.1,Low Risk
12370,0.0,Low Risk
12372,0.08,Low Risk
12375,0.25,Low Risk
12377,0.91,High Risk
12379,0.22,Low Risk
12380,0.05,Low Risk
12381,0.18,Low Risk
12383,0.76,High Risk
12384,0.31,Medium Risk
12386,0.83,High Risk
12388,0.0,Low Risk
12393,0.12,Low Risk
12394,0.03,Low Risk
12395,0.0,Low Risk
12397,0.11,Low Risk
12399,0.75,High Risk
12406,0.21,Low Risk
12407,0.24,Low Risk
12408,0.0,Low Risk
12409,0.64,Medium Risk
12410,0.75,High Risk
12412,0.18,Low Risk
12413,0.05,Low Risk
12414,0.92,High Risk
12415,0.0,Low Risk
12417,0.01,Low Risk
12421,0.0,Low Risk
12422,0.66,Medium Risk
12423,0.0,Low Risk
12424,0.76,High Risk
12427,0.0,Low Risk
12428,0.0,Low Risk
12429,0.0,Low Risk
12431,0.0,Low Risk
12432,0.18,Low Risk
12433,0.0,Low Risk
12434,0.04,Low Risk
12435,0.08,Low Risk
12437,0.0,Low Risk
12438,0.47,Medium Risk
12444,0.03,Low Risk
12449,0.02,Low Risk
12450,0.79,High Risk
12451,0.01,Low Risk
12455,0.0,Low Risk
12456,0.02,Low Risk
12457,0.17,Low Risk
12458,0.2,Low Risk
12462,0.0,Low Risk
12463,0.18,Low Risk
12464,0.0,Low Risk
12465,0.21,Low Risk
12468,0.89,High Risk
12471,0.0,Low Risk
12472,0.0,Low Risk
12473,0.24,Low Risk
12474,0.0,Low Risk
12476,0.0,Low Risk
12477,0.04,Low Risk
12480,0.04,Low Risk
12481,0.0,Low Risk
12483,0.0,Low Risk
12484,0.0,Low Risk
12488,0.16,Low Risk
12490,0.0,Low Risk
12492,0.11,Low Risk
12493,0.06,Low Risk
12494,0.0,Low Risk
12498,0.19,Low Risk
12500,0.0,Low Risk
12502,0.03,Low Risk
12504,0.05,Low Risk
12507,0.69,Medium Risk
12508,0.33,Medium Risk
12510,0.39,Medium Risk
12512,0.11,Low Risk
12516,0.19,Low Risk
12517,0.1,Low Risk
12518,0.13,Low Risk
12520,0.02,Low Risk
12522,0.21,Low Risk
12523,0.0,Low Risk
12524,0.0,Low Risk
12526,0.16,Low Risk
12527,0.08,Low Risk
12528,0.01,Low Risk
12530,0.02,Low Risk
12535,0.84,High Risk
12539,0.0,Low Risk
12540,0.0,Low Risk
12541,0.09,Low Risk
12545,0.18,Low Risk
12546,0.25,Low Risk
12547,0.84,High Risk
12553,0.01,Low Risk
12556,0.35,Medium Risk
12557,0.0,Low Risk
12559,0.71,High Risk
12560,0.52,Medium Risk
12562,0.25,Low Risk
12567,0.0,Low Risk
12569,0.03,Low Risk
12571,0.14,Low Risk
12572,0.13,Low Risk
12576,0.05,Low Risk
12577,0.0,Low Risk
12578,0.0,Low Risk
12582,0.73,High Risk
12583,0.0,Low Risk
12584,0.0,Low Risk
12585,0.77,High Risk
12589,0.33,Medium Risk
12592,0.96,High Risk
12593,0.17,Low Risk
12594,0.0,Low Risk
12596,0.06,Low Risk
12597,0.07,Low Risk
12598,0.0,Low Risk
12599,0.02,Low Risk
12600,0.0,Low Risk
12601,0.81,High Risk
12604,0.15,Low Risk
12609,0.09,Low Risk
12610,0.04,Low Risk
12613,0.23,Low Risk
12615,0.35,Medium Risk
12616,0.67,Medium Risk
12619,0.02,Low Risk
12620,0.24,Low Risk
12621,0.0,Low Risk
12624,0.8,High Risk
12625,0.35,Medium Risk
12626,0.0,Low Risk
12627,0.06,Low Risk
12628,0.01,Low Risk
12630,0.12,Low Risk
12633,0.03,Low Risk
12635,0.16,Low Risk
12637,0.0,Low Risk
12640,0.41,Medium Risk
12642,0.04,Low Risk
12643,0.89,High Risk
12645,0.03,Low Risk
12646,0.3,Low Risk
12647,0.0,Low Risk
12649,0.77,High Risk
12653,0.74,High Risk
12654,0.02,Low Risk
12656,0.01,Low Risk
12657,0.01,Low Risk
12662,0.0,Low Risk
12664,0.0,Low Risk
12668,0.0,Low Risk
12669,0.33,Medium Risk
12670,0.0,Low Risk
12673,0.0,Low Risk
12674,0.21,Low Risk
12676,0.0,Low Risk
12678,0.0,Low Risk
12679,0.05,Low Risk
12680,0.34,Medium Risk
12681,0.0,Low Risk
12682,0.0,Low Risk
12683,0.0,Low Risk
12684,0.05,Low Risk
12685,0.15,Low Risk
12689,0.14,Low Risk
12691,0.01,Low Risk
12693,0.21,Low Risk
12694,0.8,High Risk
12695,0.07,Low Risk
12697,0.2,Low Risk
12700,0.12,Low Risk
12701,0.09,Low Risk
12704,0.06,Low Risk
12705,0.0,Low Risk
12708,0.01,Low Risk
12709,0.0,Low Risk
12710,0.52,Medium Risk
12712,0.0,Low Risk
12714,0.0,Low Risk
12716,0.2,Low Risk
12717,0.77,High Risk
12719,0.18,Low Risk
12720,0.0,Low Risk
12721,0.0,Low Risk
12722,0.02,Low Risk
12723,0.22,Low Risk
12724,0.0,Low Risk
12726,0.02,Low Risk
12727,0.0,Low Risk
12728,0.01,Low Risk
12731,0.0,Low Risk
12735,0.58,Medium Risk
12743,0.75,High Risk
12744,0.08,Low Risk
12747,0.0,Low Risk
12748,0.0,Low Risk
12749,0.13,Low Risk
12753,0.01,Low Risk
12754,0.03,Low Risk
12755,0.23,Low Risk
12757,0.36,Medium Risk
12758,0.66,Medium Risk
12759,0.0,Low Risk
12762,0.27,Low Risk
12763,0.65,Medium Risk
12766,0.0,Low Risk
12775,0.0,Low Risk
12778,0.05,Low Risk
12779,0.0,Low Risk
12781,0.11,Low Risk
12782,0.0,Low Risk
12783,0.0,Low Risk
12787,0.13,Low Risk
12793,0.81,High Risk
12794,0.64,Medium Risk
12798,0.24,Low Risk
12808,0.0,Low Risk
12811,0.17,Low Risk
12815,0.87,High Risk
12816,0.27,Low Risk
12820,0.01,Low Risk
12822,0.05,Low Risk
12823,0.06,Low Risk
12826,0.0,Low Risk
12827,0.25,Low Risk
12828,0.49,Medium Risk
12829,0.4,Medium Risk
12830,0.21,Low Risk
12832,0.67,Medium Risk
12836,0.05,Low Risk
12838,0.0,Low Risk
12839,0.0,Low Risk
12840,0.78,High Risk
12841,0.0,Low Risk
12842,0.07,Low Risk
12843,0.06,Low Risk
12844,0.06,Low Risk
12845,0.81,High Risk
12849,0.04,Low Risk
12853,0.14,Low Risk
12854,0.05,Low Risk
12856,0.03,Low Risk
12857,0.3,Low Risk
12865,0.12,Low Risk
12867,0.0,Low Risk
12868,0.21,Low Risk
12871,0.25,Low Risk
12872,0.53,Medium Risk
12875,0.75,High Risk
12876,0.54,Medium Risk
12877,0.0,Low Risk
12878,0.21,Low Risk
12879,0.09,Low Risk
12882,0.13,Low Risk
12883,0.21,Low Risk
12885,0.02,Low Risk
12886,0.09,Low Risk
12888,0.92,High Risk
12891,0.47,Medium Risk
12895,0.07,Low Risk
12897,0.72,High Risk
12901,0.0,Low Risk
12904,0.28,Low Risk
12906,0.02,Low Risk
12908,0.6,Medium Risk
12909,0.14,Low Risk
12910,0.03,Low Risk
12912,0.23,Low Risk
12913,0.0,Low Risk
12915,0.67,Medium Risk
12916,0.1,Low Risk
12919,0.15,Low Risk
12921,0.0,Low Risk
12924,0.02,Low Risk
12925,0.18,Low Risk
12928,0.0,Low Risk
12930,0.18,Low Risk
12931,0.01,Low Risk
12933,0.21,Low Risk
12935,0.03,Low Risk
12936,0.03,Low Risk
12937,0.03,Low Risk
12939,0.01,Low Risk
12940,0.06,Low Risk
12942,0.38,Medium Risk
12944,0.04,Low Risk
12947,0.09,Low Risk
12948,0.06,Low Risk
12949,0.0,Low Risk
12950,0.1,Low Risk
12951,0.0,Low Risk
12952,0.06,Low Risk
12955,0.0,Low Risk
12957,0.0,Low Risk
12962,0.3,Low Risk
12963,0.01,Low Risk
12967,0.71,High Risk
12970,0.0,Low Risk
12971,0.0,Low Risk
12980,0.76,High Risk
12981,0.03,Low Risk
12985,0.33,Medium Risk
12987,0.83,High Risk
12989,0.01,Low Risk
12990,0.04,Low Risk
12991,0.13,Low Risk
12993,0.15,Low Risk
12994,0.05,Low Risk
12997,0.0,Low Risk
12999,0.33,Medium Risk
13000,0.24,Low Risk
13001,0.0,Low Risk
13003,0.54,Medium Risk
13004,0.0,Low Risk
13005,0.8,High Risk
13012,0.0,Low Risk
13013,0.0,Low Risk
13014,0.0,Low Risk
13015,0.01,Low Risk
13016,0.0,Low Risk
13018,0.01,Low Risk
13021,0.0,Low Risk
13023,0.11,Low Risk
13026,0.03,Low Risk
13027,0.62,Medium Risk
13028,0.16,Low Risk
13029,0.02,Low Risk
13030,0.0,Low Risk
13032,0.06,Low Risk
13034,0.01,Low Risk
13035,0.49,Medium Risk
13037,0.6,Medium Risk
13038,0.21,Low Risk
13040,0.25,Low Risk
13046,0.11,Low Risk
13047,0.01,Low Risk
13048,0.0,Low Risk
13049,0.14,Low Risk
13050,0.0,Low Risk
13055,0.28,Low Risk
13058,0.23,Low Risk
13064,0.02,Low Risk
13066,0.48,Medium Risk
13068,0.0,Low Risk
13069,0.0,Low Risk
13077,0.0,Low Risk
13078,0.0,Low Risk
13079,0.29,Low Risk
13081,0.0,Low Risk
13082,0.46,Medium Risk
13083,0.15,Low Risk
13085,0.83,High Risk
13089,0.0,Low Risk
13090,0.0,Low Risk
13092,0.02,Low Risk
13093,0.6,Medium Risk
13094,0.0,Low Risk
13097,0.0,Low Risk
13098,0.0,Low Risk
13102,0.0,Low Risk
13104,0.0,Low Risk
13107,0.0,Low Risk
13109,0.29,Low Risk
13110,0.1,Low Risk
13113,0.0,Low Risk
13115,0.05,Low Risk
13117,0.0,Low Risk
13118,0.02,Low Risk
13122,0.68,Medium Risk
13124,0.03,Low Risk
13126,0.0,Low Risk
13131,0.22,Low Risk
13133,0.88,High Risk
13134,0.12,Low Risk
13136,0.05,Low Risk
13137,0.0,Low Risk
13138,0.0,Low Risk
13139,0.0,Low Risk
13140,0.65,Medium Risk
13141,0.01,Low Risk
13145,0.01,Low Risk
13147,0.43,Medium Risk
13148,0.0,Low Risk
13149,0.1,Low Risk
13155,0.0,Low Risk
13157,0.11,Low Risk
13158,0.7,Medium Risk
13159,0.12,Low Risk
13162,0.87,High Risk
13165,0.0,Low Risk
13167,0.37,Medium Risk
13168,0.0,Low Risk
13169,0.21,Low Risk
13171,0.01,Low Risk
13173,0.0,Low Risk
13174,0.0,Low Risk
13178,0.0,Low Risk
13183,0.0,Low Risk
13184,0.0,Low Risk
13186,0.61,Medium Risk
13189,0.17,Low Risk
13192,0.85,High Risk
13196,0.17,Low Risk
13198,0.0,Low Risk
13199,0.01,Low Risk
13200,0.15,Low Risk
13203,0.01,Low Risk
13207,0.2,Low Risk
13208,0.04,Low Risk
13209,0.0,Low Risk
13211,0.04,Low Risk
13212,0.02,Low Risk
13213,0.47,Medium Risk
13217,0.68,Medium Risk
13220,0.09,Low Risk
13221,0.76,High Risk
13223,0.78,High Risk
13224,0.08,Low Risk
13225,0.0,Low Risk
13230,0.0,Low Risk
13232,0.06,Low Risk
13233,0.08,Low Risk
13236,0.24,Low Risk
13238,0.0,Low Risk
13240,0.01,Low Risk
13242,0.71,High Risk
13246,0.0,Low Risk
13247,0.37,Medium Risk
13248,0.58,Medium Risk
13249,0.85,High Risk
13253,0.97,High Risk
13255,0.0,Low Risk
13258,0.17,Low Risk
13261,0.05,Low Risk
13263,0.01,Low Risk
13265,0.01,Low Risk
13266,0.0,Low Risk
13267,0.0,Low Risk
13268,0.01,Low Risk
13269,0.0,Low Risk
13272,0.1,Low Risk
13276,0.34,Medium Risk
13277,0.2,Low Risk
13280,0.71,High Risk
13282,0.19,Low Risk
13283,0.72,High Risk
13285,0.1,Low Risk
13292,0.02,Low Risk
13294,0.27,Low Risk
13297,0.17,Low Risk
13301,0.31,Medium Risk
13305,0.0,Low Risk
13308,0.63,Medium Risk
13309,0.0,Low Risk
13310,0.0,Low Risk
13311,0.13,Low Risk
13313,0.0,Low Risk
13314,0.0,Low Risk
13316,0.06,Low Risk
13317,0.0,Low Risk
13318,0.39,Medium Risk
13319,0.0,Low Risk
13320,0.23,Low Risk
13321,0.04,Low Risk
13323,0.06,Low Risk
13324,0.0,Low Risk
13327,0.0,Low Risk
13329,0.0,Low Risk
13330,0.13,Low Risk
13334,0.0,Low Risk
13340,0.16,Low Risk
13344,0.01,Low Risk
13350,0.31,Medium Risk
13362,0.12,Low Risk
13363,0.64,Medium Risk
13365,0.12,Low Risk
13368,0.75,High Risk
13373,0.04,Low Risk
13376,0.87,High Risk
13379,0.28,Low Risk
13381,0.02,Low Risk
13384,0.03,Low Risk
13388,0.71,High Risk
13389,0.07,Low Risk
13394,0.0,Low Risk
13396,0.01,Low Risk
13397,0.26,Low Risk
13402,0.62,Medium Risk
13404,0.17,Low Risk
13405,0.92,High Risk
13408,0.0,Low Risk
13410,0.0,Low Risk
13414,0.79,High Risk
13416,0.11,Low Risk
13417,0.59,Medium Risk
13418,0.0,Low Risk
13420,0.27,Low Risk
13421,0.06,Low Risk
13425,0.87,High Risk
13426,0.0,Low Risk
13427,0.13,Low Risk
13429,0.1,Low Risk
13430,0.19,Low Risk
13431,0.17,Low Risk
13434,0.1,Low Risk
13435,0.16,Low Risk
13437,0.08,Low Risk
13447,0.05,Low Risk
13448,0.0,Low Risk
13450,0.07,Low Risk
13451,0.0,Low Risk
13452,0.79,High Risk
13453,0.75,High Risk
13455,0.0,Low Risk
13456,0.08,Low Risk
13458,0.0,Low Risk
13460,0.23,Low Risk
13461,0.1,Low Risk
13467,0.51,Medium Risk
13468,0.02,Low Risk
13470,0.53,Medium Risk
13471,0.15,Low Risk
13473,0.01,Low Risk
13475,0.14,Low Risk
13476,0.67,Medium Risk
13477,0.01,Low Risk
13479,0.39,Medium Risk
13481,0.31,Medium Risk
13486,0.08,Low Risk
13487,0.0,Low Risk
13488,0.0,Low Risk
13489,0.47,Medium Risk
13491,0.01,Low Risk
13492,0.65,Medium Risk
13493,0.92,High Risk
13495,0.0,Low Risk
13496,0.0,Low Risk
13497,0.94,High Risk
13499,0.0,Low Risk
13500,0.13,Low Risk
13502,0.0,Low Risk
13505,0.02,Low Risk
13506,0.75,High Risk
13507,0.05,Low Risk
13509,0.12,Low Risk
13510,0.08,Low Risk
13515,0.08,Low Risk
13516,0.01,Low Risk
13517,0.25,Low Risk
13520,0.0,Low Risk
13521,0.03,Low Risk
13523,0.0,Low Risk
13524,0.29,Low Risk
13525,0.13,Low Risk
13527,0.0,Low Risk
13529,0.64,Medium Risk
13531,0.43,Medium Risk
13533,0.91,High Risk
13534,0.0,Low Risk
13536,0.04,Low Risk
13538,0.14,Low Risk
13539,0.04,Low Risk
13544,0.01,Low Risk
13546,0.15,Low Risk
13548,0.78,High Risk
13549,0.1,Low Risk
13552,0.0,Low Risk
13555,0.08,Low Risk
13557,0.0,Low Risk
13558,0.24,Low Risk
13562,0.4,Medium Risk
13563,0.12,Low Risk
13564,0.68,Medium Risk
13565,0.0,Low Risk
13566,0.18,Low Risk
13569,0.04,Low Risk
13571,0.01,Low Risk
13573,0.01,Low Risk
13575,0.11,Low Risk
13576,0.0,Low Risk
13577,0.11,Low Risk
13579,0.0,Low Risk
13588,0.01,Low Risk
13589,0.16,Low Risk
13590,0.0,Low Risk
13591,0.17,Low Risk
13592,0.28,Low Risk
13593,0.05,Low Risk
13596,0.06,Low Risk
13599,0.0,Low Risk
13601,0.62,Medium Risk
13606,0.01,Low Risk
13610,0.03,Low Risk
13611,0.22,Low Risk
13614,0.0,Low Risk
13617,0.07,Low Risk
13623,0.02,Low Risk
13627,0.01,Low Risk
13629,0.0,Low Risk
13630,0.0,Low Risk
13631,0.13,Low Risk
13632,0.06,Low Risk
13634,0.01,Low Risk
13636,0.07,Low Risk
13637,0.18,Low Risk
13643,0.22,Low Risk
13644,0.69,Medium Risk
13647,0.1,Low Risk
13649,0.43,Medium Risk
13650,0.01,Low Risk
13652,0.0,Low Risk
13654,0.03,Low Risk
13655,0.75,High Risk
13656,0.67,Medium Risk
13657,0.07,Low Risk
13658,0.04,Low Risk
13659,0.78,High Risk
13662,0.1,Low Risk
13666,0.17,Low Risk
13668,0.0,Low Risk
13669,0.65,Medium Risk
13672,0.83,High Risk
13673,0.06,Low Risk
13675,0.91,High Risk
13680,0.0,Low Risk
13681,0.11,Low Risk
13685,0.06,Low Risk
13692,0.1,Low Risk
13694,0.0,Low Risk
13695,0.01,Low Risk
13700,0.0,Low Risk
13704,0.29,Low Risk
13705,0.02,Low Risk
13707,0.83,High Risk
13709,0.0,Low Risk
13711,0.97,High Risk
13715,0.72,High Risk
13717,0.14,Low Risk
13718,0.51,Medium Risk
13719,0.18,Low Risk
13720,0.61,Medium Risk
13722,0.6,Medium Risk
13725,0.13,Low Risk
13726,0.31,Medium Risk
13727,0.2,Low Risk
13728,0.34,Medium Risk
13730,0.91,High Risk
13731,0.9,High Risk
13735,0.12,Low Risk
13736,0.01,Low Risk
13741,0.34,Medium Risk
13742,0.0,Low Risk
13743,0.04,Low Risk
13744,0.69,Medium Risk
13748,0.72,High Risk
13750,0.0,Low Risk
13752,0.69,Medium Risk
13754,0.73,High Risk
13755,0.17,Low Risk
13756,0.0,Low Risk
13758,0.0,Low Risk
13759,0.12,Low Risk
13760,0.02,Low Risk
13761,0.11,Low Risk
13764,0.11,Low Risk
13767,0.0,Low Risk
13769,0.0,Low Risk
13771,0.06,Low Risk
13772,0.04,Low Risk
13777,0.0,Low Risk
13780,0.07,Low Risk
13782,0.0,Low Risk
13784,0.0,Low Risk
13787,0.0,Low Risk
13791,0.9,High Risk
13792,0.08,Low Risk
13798,0.0,Low Risk
13799,0.83,High Risk
13802,0.75,High Risk
13804,0.01,Low Risk
13805,0.24,Low Risk
13808,0.45,Medium Risk
13810,0.13,Low Risk
13811,0.63,Medium Risk
13812,0.21,Low Risk
13813,0.05,Low Risk
13814,0.84,High Risk
13815,0.0,Low Risk
13816,0.44,Medium Risk
13817,0.0,Low Risk
13819,0.66,Medium Risk
13821,0.87,High Risk
13822,0.18,Low Risk
13823,0.42,Medium Risk
13824,0.05,Low Risk
13827,0.98,High Risk
13831,0.0,Low Risk
13835,0.02,Low Risk
13837,0.62,Medium Risk
13838,0.0,Low Risk
13842,0.0,Low Risk
13846,0.0,Low Risk
13848,0.62,Medium Risk
13849,0.23,Low Risk
13851,0.88,High Risk
13854,0.0,Low Risk
13856,0.81,High Risk
13860,0.27,Low Risk
13862,0.0,Low Risk
13865,0.06,Low Risk
13867,0.22,Low Risk
13868,0.06,Low Risk
13869,0.67,Medium Risk
13870,0.0,Low Risk
13871,0.0,Low Risk
13873,0.19,Low Risk
13875,0.01,Low Risk
13880,0.0,Low Risk
13881,0.0,Low Risk
13882,0.11,Low Risk
13883,0.0,Low Risk
13884,0.05,Low Risk
13885,0.92,High Risk
13888,0.83,High Risk
13890,0.0,Low Risk
13892,0.03,Low Risk
13894,0.0,Low Risk
13895,0.03,Low Risk
13899,0.04,Low Risk
13900,0.17,Low Risk
13901,0.0,Low Risk
13904,0.0,Low Risk
13908,0.12,Low Risk
13911,0.02,Low Risk
13914,0.48,Medium Risk
13917,0.18,Low Risk
13918,0.28,Low Risk
13919,0.22,Low Risk
13924,0.02,Low Risk
13925,0.67,Medium Risk
13928,0.09,Low Risk
13929,0.76,High Risk
13930,0.24,Low Risk
13931,0.46,Medium Risk
13933,0.95,High Risk
13939,0.01,Low Risk
13940,0.14,Low Risk
13941,0.0,Low Risk
13946,0.09,Low Risk
13949,0.23,Low Risk
13950,0.03,Low Risk
13951,0.67,Medium Risk
13952,0.09,Low Risk
13953,0.0,Low Risk
13954,0.24,Low Risk
13955,0.15,Low Risk
13956,0.0,Low Risk
13959,0.0,Low Risk
13960,0.1,Low Risk
13962,0.1,Low Risk
13963,0.2,Low Risk
13969,0.0,Low Risk
13971,0.0,Low Risk
13972,0.11,Low Risk
13975,0.0,Low Risk
13978,0.42,Medium Risk
13982,0.01,Low Risk
13983,0.0,Low Risk
13984,0.01,Low Risk
13985,0.01,Low Risk
13988,0.11,Low Risk
13989,0.25,Low Risk
13991,0.2,Low Risk
13993,0.0,Low Risk
13994,0.04,Low Risk
13995,0.59,Medium Risk
13999,0.01,Low Risk
14001,0.0,Low Risk
14002,0.14,Low Risk
14004,0.0,Low Risk
14005,0.02,Low Risk
14006,0.8,High Risk
14009,0.16,Low Risk
14013,0.79,High Risk
14016,0.49,Medium Risk
14019,0.26,Low Risk
14020,0.87,High Risk
14021,0.96,High Risk
14023,0.14,Low Risk
14024,0.77,High Risk
14029,0.18,Low Risk
14030,0.0,Low Risk
14031,0.0,Low Risk
14032,0.0,Low Risk
14034,0.2,Low Risk
14035,0.11,Low Risk
14037,0.83,High Risk
14038,0.53,Medium Risk
14040,0.0,Low Risk
14044,0.01,Low Risk
14045,0.75,High Risk
14047,0.0,Low Risk
14049,0.0,Low Risk
14050,0.14,Low Risk
14051,0.0,Low Risk
14053,0.46,Medium Risk
14056,0.0,Low Risk
14057,0.0,Low Risk
14060,0.0,Low Risk
14062,0.0,Low Risk
14064,0.07,Low Risk
14067,0.04,Low Risk
14071,0.02,Low Risk
14075,0.03,Low Risk
14077,0.07,Low Risk
14078,0.7,Medium Risk
14081,0.69,Medium Risk
14083,0.03,Low Risk
14085,0.0,Low Risk
14088,0.0,Low Risk
14092,0.0,Low Risk
14096,0.18,Low Risk
14099,0.01,Low Risk
14101,0.07,Low Risk
14102,0.06,Low Risk
14104,0.88,High Risk
14107,0.0,Low Risk
14108,0.14,Low Risk
14110,0.0,Low Risk
14111,0.05,Low Risk
14112,0.01,Low Risk
14113,0.0,Low Risk
14114,0.83,High Risk
14116,0.37,Medium Risk
14121,0.1,Low Risk
14125,0.03,Low Risk
14126,0.06,Low Risk
14127,0.88,High Risk
14128,0.21,Low Risk
14129,0.01,Low Risk
14132,0.06,Low Risk
14133,0.7,Medium Risk
14135,0.0,Low Risk
14138,0.15,Low Risk
14140,0.13,Low Risk
14141,0.24,Low Risk
14145,0.25,Low Risk
14146,0.0,Low Risk
14147,0.03,Low Risk
14150,0.0,Low Risk
14152,0.72,High Risk
14154,0.86,High Risk
14156,0.0,Low Risk
14157,0.03,Low Risk
14159,0.0,Low Risk
14161,0.06,Low Risk
14162,0.84,High Risk
14163,0.15,Low Risk
14164,0.25,Low Risk
14167,0.0,Low Risk
14173,0.15,Low Risk
14175,0.03,Low Risk
14176,0.2,Low Risk
14177,0.17,Low Risk
14178,0.03,Low Risk
14179,0.15,Low Risk
14180,0.0,Low Risk
14188,0.06,Low Risk
14189,0.0,Low Risk
14191,0.02,Low Risk
14193,0.07,Low Risk
14194,0.0,Low Risk
14195,0.75,High Risk
14198,0.01,Low Risk
14201,0.02,Low Risk
14205,0.01,Low Risk
14209,0.0,Low Risk
14210,0.1,Low Risk
14211,0.02,Low Risk
14214,0.01,Low Risk
14215,0.0,Low Risk
14216,0.02,Low Risk
14217,0.0,Low Risk
14220,0.98,High Risk
14221,0.0,Low Risk
14223,0.73,High Risk
14224,0.87,High Risk
14226,0.1,Low Risk
14227,0.0,Low Risk
14229,0.02,Low Risk
14231,0.79,High Risk
14232,0.03,Low Risk
14233,0.05,Low Risk
14234,0.1,Low Risk
14235,0.05,Low Risk
14236,0.0,Low Risk
14239,0.0,Low Risk
14240,0.12,Low Risk
14242,0.78,High Risk
14243,0.0,Low Risk
14245,0.61,Medium Risk
14246,0.67,Medium Risk
14250,0.03,Low Risk
14251,0.01,Low Risk
14256,0.39,Medium Risk
14257,0.03,Low Risk
14258,0.0,Low Risk
14261,0.17,Low Risk
14262,0.01,Low Risk
14264,0.82,High Risk
14265,0.77,High Risk
14267,0.7,Medium Risk
14272,0.12,Low Risk
14273,0.1,Low Risk
14276,0.34,Medium Risk
14277,0.69,Medium Risk
14282,0.0,Low Risk
14284,0.15,Low Risk
14285,0.22,Low Risk
14286,0.05,Low Risk
14287,0.21,Low Risk
14289,0.05,Low Risk
14290,0.01,Low Risk
14291,0.01,Low Risk
14292,0.0,Low Risk
14293,0.03,Low Risk
14297,0.0,Low Risk
14298,0.0,Low Risk
14299,0.0,Low Risk
14305,0.01,Low Risk
14306,0.12,Low Risk
14307,0.0,Low Risk
14309,0.0,Low Risk
14312,0.0,Low Risk
14315,0.01,Low Risk
14320,0.9,High Risk
14321,0.0,Low Risk
14323,0.8,High Risk
14329,0.0,Low Risk
14331,0.8,High Risk
14332,0.73,High Risk
14334,0.0,Low Risk
14335,0.18,Low Risk
14336,0.12,Low Risk
14338,0.64,Medium Risk
14341,0.04,Low Risk
14342,0.14,Low Risk
14344,0.76,High Risk
14346,0.74,High Risk
14352,0.58,Medium Risk
14354,0.31,Medium Risk
14356,0.12,Low Risk
14359,0.0,Low Risk
14360,0.17,Low Risk
14364,0.78,High Risk
14367,0.0,Low Risk
14377,0.9,High Risk
14379,0.03,Low Risk
14383,0.14,Low Risk
14385,0.34,Medium Risk
14387,0.04,Low Risk
14388,0.0,Low Risk
14389,0.12,Low Risk
14390,0.0,Low Risk
14395,0.0,Low Risk
14396,0.0,Low Risk
14397,0.25,Low Risk
14401,0.0,Low Risk
14403,0.87,High Risk
14404,0.0,Low Risk
14407,0.62,Medium Risk
14408,0.01,Low Risk
14409,0.0,Low Risk
14410,0.72,High Risk
14412,0.21,Low Risk
14414,0.71,High Risk
14415,0.0,Low Risk
14416,0.04,Low Risk
14418,0.35,Medium Risk
14419,0.0,Low Risk
14421,0.03,Low Risk
14422,0.03,Low Risk
14426,0.0,Low Risk
14427,0.05,Low Risk
14428,0.0,Low Risk
14432,0.03,Low Risk
14434,0.08,Low Risk
14440,0.0,Low Risk
14441,0.37,Medium Risk
14442,0.8,High Risk
14443,0.0,Low Risk
14446,0.01,Low Risk
14447,0.01,Low Risk
14448,0.04,Low Risk
14449,0.0,Low Risk
14450,0.81,High Risk
14451,0.4,Medium Risk
14452,0.26,Low Risk
14456,0.48,Medium Risk
14460,0.16,Low Risk
14461,0.72,High Risk
14462,0.01,Low Risk
14463,0.74,High Risk
14465,0.64,Medium Risk
14466,0.0,Low Risk
14467,0.0,Low Risk
14470,0.02,Low Risk
14472,0.6,Medium Risk
14473,0.16,Low Risk
14475,0.11,Low Risk
14477,0.01,Low Risk
14479,0.43,Medium Risk
14481,0.91,High Risk
14482,0.0,Low Risk
14487,0.0,Low Risk
14491,0.2,Low Risk
14493,0.01,Low Risk
14495,0.24,Low Risk
14496,0.81,High Risk
14498,0.0,Low Risk
14499,0.13,Low Risk
14500,0.49,Medium Risk
14501,0.64,Medium Risk
14502,0.0,Low Risk
14503,0.17,Low Risk
14504,0.04,Low Risk
14505,0.0,Low Risk
14506,0.0,Low Risk
14507,0.03,Low Risk
14508,0.22,Low Risk
14511,0.2,Low Risk
14512,0.64,Medium Risk
14513,0.28,Low Risk
14514,0.01,Low Risk
14515,0.02,Low Risk
14517,0.24,Low Risk
14520,0.03,Low Risk
14522,0.02,Low Risk
14524,0.0,Low Risk
14525,0.0,Low Risk
14527,0.01,Low Risk
14529,0.08,Low Risk
14530,0.03,Low Risk
14532,0.41,Medium Risk
14533,0.0,Low Risk
14534,0.0,Low Risk
14535,0.62,Medium Risk
14538,0.02,Low Risk
14539,0.16,Low Risk
14540,0.0,Low Risk
14541,0.02,Low Risk
14543,0.0,Low Risk
14544,0.01,Low Risk
14546,0.0,Low Risk
14547,0.08,Low Risk
14548,0.79,High Risk
14550,0.2,Low Risk
14551,0.16,Low Risk
14553,0.0,Low Risk
14554,0.18,Low Risk
14555,0.13,Low Risk
14560,0.0,Low Risk
14561,0.09,Low Risk
14562,0.0,Low Risk
14565,0.74,High Risk
14567,0.21,Low Risk
14570,0.97,High Risk
14572,0.0,Low Risk
14573,0.07,Low Risk
14577,0.0,Low Risk
14583,0.04,Low Risk
14584,0.73,High Risk
14587,0.0,Low Risk
14591,0.05,Low Risk
14592,0.16,Low Risk
14593,0.16,Low Risk
14594,0.08,Low Risk
14595,0.0,Low Risk
14597,0.13,Low Risk
14606,0.0,Low Risk
14607,0.02,Low Risk
14608,0.0,Low Risk
14609,0.08,Low Risk
14616,0.91,High Risk
14618,0.0,Low Risk
14620,0.25,Low Risk
14621,0.0,Low Risk
14623,0.29,Low Risk
14624,0.87,High Risk
14625,0.68,Medium Risk
14626,0.1,Low Risk
14628,0.31,Medium Risk
14629,0.04,Low Risk
14631,0.0,Low Risk
14636,0.15,Low Risk
14639,0.0,Low Risk
14640,0.08,Low Risk
14643,0.81,High Risk
14644,0.08,Low Risk
14645,0.82,High Risk
14646,0.0,Low Risk
14649,0.18,Low Risk
14651,0.47,Medium Risk
14653,0.01,Low Risk
14655,0.37,Medium Risk
14656,0.73,High Risk
14657,0.0,Low Risk
14658,0.11,Low Risk
14659,0.0,Low Risk
14660,0.29,Low Risk
14662,0.0,Low Risk
14664,0.19,Low Risk
14665,0.02,Low Risk
14667,0.0,Low Risk
14669,0.78,High Risk
14670,0.77,High Risk
14672,0.42,Medium Risk
14673,0.0,Low Risk
14676,0.01,Low Risk
14680,0.0,Low Risk
14681,0.13,Low Risk
14682,0.73,High Risk
14684,0.0,Low Risk
14688,0.0,Low Risk
14690,0.08,Low Risk
14691,0.08,Low Risk
14692,0.58,Medium Risk
14696,0.0,Low Risk
14697,0.94,High Risk
14698,0.07,Low Risk
14700,0.05,Low Risk
14701,0.0,Low Risk
14702,0.0,Low Risk
14704,0.01,Low Risk
14708,0.0,Low Risk
14709,0.0,Low Risk
14710,0.19,Low Risk
14711,0.0,Low Risk
14712,0.05,Low Risk
14713,0.0,Low Risk
14715,0.0,Low Risk
14716,0.07,Low Risk
14719,0.06,Low Risk
14720,0.14,Low Risk
14723,0.02,Low Risk
14730,0.01,Low Risk
14731,0.16,Low Risk
14732,0.0,Low Risk
14733,0.0,Low Risk
14735,0.0,Low Risk
14737,0.0,Low Risk
14738,0.05,Low Risk
14739,0.0,Low Risk
14740,0.64,Medium Risk
14741,0.0,Low Risk
14744,0.0,Low Risk
14745,0.83,High Risk
14748,0.0,Low Risk
14754,0.01,Low Risk
14755,0.0,Low Risk
14758,0.92,High Risk
14759,0.11,Low Risk
14761,0.08,Low Risk
14765,0.13,Low Risk
14766,0.0,Low Risk
14768,0.22,Low Risk
14769,0.03,Low Risk
14770,0.56,Medium Risk
14775,0.0,Low Risk
14776,0.0,Low Risk
14778,0.67,Medium Risk
14779,0.76,High Risk
14780,0.12,Low Risk
14784,0.0,Low Risk
14785,0.51,Medium Risk
14788,0.13,Low Risk
14790,0.0,Low Risk
14794,0.0,Low Risk
14796,0.0,Low Risk
14798,0.1,Low Risk
14800,0.0,Low Risk
14803,0.9,High Risk
14805,0.0,Low Risk
14808,0.21,Low Risk
14810,0.0,Low Risk
14813,0.89,High Risk
14815,0.21,Low Risk
14817,0.78,High Risk
14818,0.13,Low Risk
14819,0.13,Low Risk
14820,0.26,Low Risk
14823,0.75,High Risk
14824,0.09,Low Risk
14825,0.0,Low Risk
14828,0.65,Medium Risk
14829,0.0,Low Risk
14834,0.02,Low Risk
14836,0.16,Low Risk
14837,0.18,Low Risk
14841,0.0,Low Risk
14842,0.19,Low Risk
14844,0.03,Low Risk
14849,0.0,Low Risk
14851,0.11,Low Risk
14852,0.14,Low Risk
14853,0.17,Low Risk
14854,0.07,Low Risk
14855,0.68,Medium Risk
14856,0.22,Low Risk
14857,0.15,Low Risk
14859,0.1,Low Risk
14862,0.32,Medium Risk
14865,0.07,Low Risk
14866,0.0,Low Risk
14867,0.61,Medium Risk
14868,0.03,Low Risk
14869,0.72,High Risk
14871,0.0,Low Risk
14875,0.28,Low Risk
14878,0.0,Low Risk
14880,0.07,Low Risk
14882,0.1,Low Risk
14883,0.32,Medium Risk
14891,0.83,High Risk
14893,0.62,Medium Risk
14895,0.0,Low Risk
14896,0.7,Medium Risk
14897,0.01,Low Risk
14898,0.0,Low Risk
14901,0.0,Low Risk
14903,0.01,Low Risk
14904,0.16,Low Risk
14905,0.92,High Risk
14907,0.0,Low Risk
14910,0.27,Low Risk
14911,0.0,Low Risk
14912,0.04,Low Risk
14913,0.0,Low Risk
14915,0.16,Low Risk
14916,0.09,Low Risk
14918,0.91,High Risk
14920,0.23,Low Risk
14921,0.22,Low Risk
14930,0.65,Medium Risk
14931,0.0,Low Risk
14934,0.07,Low Risk
14936,0.1,Low Risk
14937,0.15,Low Risk
14944,0.0,Low Risk
14947,0.06,Low Risk
14948,0.19,Low Risk
14952,0.0,Low Risk
14958,0.85,High Risk
14959,0.02,Low Risk
14960,0.06,Low Risk
14961,0.03,Low Risk
14963,0.54,Medium Risk
14965,0.42,Medium Risk
14970,0.27,Low Risk
14971,0.06,Low Risk
14973,0.16,Low Risk
14976,0.25,Low Risk
14978,0.02,Low Risk
14984,0.08,Low Risk
14985,0.93,High Risk
14987,0.0,Low Risk
14995,0.25,Low Risk
14997,0.17,Low Risk
14998,0.8,High Risk
15002,0.57,Medium Risk
15005,0.0,Low Risk
15009,0.08,Low Risk
15012,0.0,Low Risk
15014,0.09,Low Risk
15018,0.0,Low Risk
15021,0.0,Low Risk
15022,0.08,Low Risk
15023,0.0,Low Risk
15024,0.0,Low Risk
15026,0.04,Low Risk
15027,0.21,Low Risk
15028,0.01,Low Risk
15030,0.01,Low Risk
15031,0.02,Low Risk
15032,0.72,High Risk
15033,0.0,Low Risk
15034,0.0,Low Risk
15036,0.32,Medium Risk
15038,0.02,Low Risk
15039,0.0,Low Risk
15044,0.0,Low Risk
15045,0.85,High Risk
15046,0.0,Low Risk
15048,0.01,Low Risk
15050,0.01,Low Risk
15051,0.15,Low Risk
15053,0.0,Low Risk
15054,0.32,Medium Risk
15057,0.82,High Risk
15058,0.0,Low Risk
15059,0.0,Low Risk
15060,0.72,High Risk
15061,0.0,Low Risk
15062,0.0,Low Risk
15065,0.2,Low Risk
15067,0.09,Low Risk
15068,0.04,Low Risk
15071,0.83,High Risk
15073,0.23,Low Risk
15078,0.0,Low Risk
15079,0.64,Medium Risk
15081,0.0,Low Risk
15088,0.19,Low Risk
15089,0.09,Low Risk
15092,0.8,High Risk
15093,0.0,Low Risk
15095,0.6,Medium Risk
15098,0.71,High Risk
15100,0.11,Low Risk
15101,0.0,Low Risk
15103,0.08,Low Risk
15104,0.8,High Risk
15105,0.08,Low Risk
15106,0.09,Low Risk
15107,0.93,High Risk
15108,0.35,Medium Risk
15110,0.0,Low Risk
15111,0.0,Low Risk
15113,0.04,Low Risk
15114,0.03,Low Risk
15116,0.11,Low Risk
15117,0.09,Low Risk
15121,0.27,Low Risk
15122,0.8,High Risk
15123,0.1,Low Risk
15124,0.1,Low Risk
15125,0.02,Low Risk
15128,0.15,Low Risk
15129,0.02,Low Risk
15132,0.0,Low Risk
15133,0.42,Medium Risk
15134,0.03,Low Risk
15136,0.07,Low Risk
15139,0.77,High Risk
15140,0.09,Low Risk
15144,0.0,Low Risk
15145,0.06,Low Risk
15146,0.25,Low Risk
15150,0.01,Low Risk
15152,0.13,Low Risk
15156,0.05,Low Risk
15157,0.0,Low Risk
15159,0.0,Low Risk
15163,0.1,Low Risk
15164,0.01,Low Risk
15172,0.14,Low Risk
15179,0.0,Low Risk
15181,0.05,Low Risk
15182,0.97,High Risk
15184,0.2,Low Risk
15186,0.12,Low Risk
15187,0.16,Low Risk
15189,0.0,Low Risk
15192,0.01,Low Risk
15194,0.0,Low Risk
15197,0.0,Low Risk
15198,0.45,Medium Risk
15199,0.01,Low Risk
15201,0.58,Medium Risk
15203,0.0,Low Risk
15205,0.26,Low Risk
15206,0.13,Low Risk
15208,0.0,Low Risk
15211,0.0,Low Risk
15213,0.78,High Risk
15214,0.07,Low Risk
15215,0.02,Low Risk
15218,0.0,Low Risk
15220,0.01,Low Risk
15223,0.89,High Risk
15224,0.47,Medium Risk
15227,0.04,Low Risk
15228,0.09,Low Risk
15230,0.79,High Risk
15232,0.9,High Risk
15235,0.13,Low Risk
15237,0.11,Low Risk
15238,0.08,Low Risk
15239,0.11,Low Risk
15240,0.1,Low Risk
15241,0.04,Low Risk
15244,0.23,Low Risk
15245,0.71,High Risk
15246,0.95,High Risk
15249,0.05,Low Risk
15251,0.12,Low Risk
15252,0.2,Low Risk
15253,0.08,Low Risk
15258,0.98,High Risk
15260,0.17,Low Risk
15265,0.26,Low Risk
15267,0.52,Medium Risk
15270,0.0,Low Risk
15271,0.0,Low Risk
15272,0.04,Low Risk
15274,0.08,Low Risk
15281,0.01,Low Risk
15287,0.06,Low Risk
15288,0.01,Low Risk
15289,0.14,Low Risk
15290,0.0,Low Risk
15291,0.0,Low Risk
15296,0.01,Low Risk
15297,0.1,Low Risk
15298,0.0,Low Risk
15299,0.0,Low Risk
15301,0.0,Low Risk
15304,0.17,Low Risk
15306,0.06,Low Risk
15311,0.0,Low Risk
15312,0.12,Low Risk
15315,0.16,Low Risk
15321,0.01,Low Risk
15329,0.48,Medium Risk
15330,0.05,Low Risk
15332,0.2,Low Risk
15334,0.78,High Risk
15339,0.0,Low Risk
15344,0.12,Low Risk
15349,0.74,High Risk
15351,0.0,Low Risk
15353,0.83,High Risk
15355,0.24,Low Risk
15356,0.0,Low Risk
15358,0.0,Low Risk
15364,0.79,High Risk
15365,0.01,Low Risk
15366,0.0,Low Risk
15367,0.58,Medium Risk
15370,0.0,Low Risk
15373,0.05,Low Risk
15376,0.22,Low Risk
15379,0.69,Medium Risk
15380,0.0,Low Risk
15381,0.14,Low Risk
15382,0.0,Low Risk
15384,0.76,High Risk
15392,0.0,Low Risk
15393,0.01,Low Risk
15394,0.01,Low Risk
15398,0.24,Low Risk
15399,0.21,Low Risk
15400,0.75,High Risk
15402,0.96,High Risk
15406,0.01,Low Risk
15407,0.11,Low Risk
15410,0.19,Low Risk
15411,0.17,Low Risk
15414,0.04,Low Risk
15416,0.02,Low Risk
15421,0.03,Low Risk
15422,0.99,High Risk
15424,0.7,Medium Risk
15426,0.0,Low Risk
15427,0.07,Low Risk
15429,0.07,Low Risk
15433,0.78,High Risk
15434,0.02,Low Risk
15436,0.13,Low Risk
15440,0.12,Low Risk
15443,0.01,Low Risk
15444,0.13,Low Risk
15449,0.0,Low Risk
15452,0.0,Low Risk
15453,0.07,Low Risk
15456,0.83,High Risk
15462,0.84,High Risk
15465,0.0,Low Risk
15467,0.15,Low Risk
15468,0.47,Medium Risk
15469,0.24,Low Risk
15473,0.0,Low Risk
15478,0.12,Low Risk
15482,0.0,Low Risk
15483,0.61,Medium Risk
15484,0.54,Medium Risk
15485,0.0,Low Risk
15489,0.11,Low Risk
15491,0.76,High Risk
15492,0.51,Medium Risk
15493,0.19,Low Risk
15494,0.2,Low Risk
15497,0.02,Low Risk
15498,0.0,Low Risk
15500,0.02,Low Risk
15502,0.01,Low Risk
15505,0.2,Low Risk
15506,0.5,Medium Risk
15508,0.78,High Risk
15511,0.05,Low Risk
15512,0.52,Medium Risk
15513,0.0,Low Risk
15514,0.0,Low Risk
15516,0.2,Low Risk
15518,0.06,Low Risk
15521,0.11,Low Risk
15522,0.45,Medium Risk
15525,0.01,Low Risk
15526,0.28,Low Risk
15527,0.05,Low Risk
15529,0.0,Low Risk
15530,0.13,Low Risk
15531,0.21,Low Risk
15532,0.0,Low Risk
15533,0.04,Low Risk
15535,0.76,High Risk
15544,0.0,Low Risk
15545,0.0,Low Risk
15547,0.0,Low Risk
15549,0.03,Low Risk
15550,0.0,Low Risk
15555,0.0,Low Risk
15561,0.04,Low Risk
15563,0.0,Low Risk
15565,0.18,Low Risk
15568,0.0,Low Risk
15569,0.75,High Risk
15570,0.0,Low Risk
15571,0.09,Low Risk
15572,0.02,Low Risk
15573,0.11,Low Risk
15574,0.17,Low Risk
15577,0.2,Low Risk
15579,0.04,Low Risk
15581,0.82,High Risk
15582,0.11,Low Risk
15584,0.12,Low Risk
15587,0.0,Low Risk
15589,0.25,Low Risk
15594,0.15,Low Risk
15596,0.68,Medium Risk
15599,0.16,Low Risk
15601,0.0,Low Risk
15602,0.0,Low Risk
15605,0.0,Low Risk
15606,0.0,Low Risk
15608,0.14,Low Risk
15611,0.0,Low Risk
15612,0.13,Low Risk
15615,0.0,Low Risk
15618,0.11,Low Risk
15620,0.0,Low Risk
15621,0.1,Low Risk
15622,0.05,Low Risk
15624,0.33,Medium Risk
15625,0.69,Medium Risk
15626,0.06,Low Risk
15628,0.0,Low Risk
15630,0.08,Low Risk
15632,0.0,Low Risk
15636,0.33,Medium Risk
15640,0.0,Low Risk
15641,0.56,Medium Risk
15643,0.85,High Risk
15644,0.58,Medium Risk
15646,0.18,Low Risk
15648,0.84,High Risk
15649,0.65,Medium Risk
15651,0.05,Low Risk
15653,0.74,High Risk
15654,0.05,Low Risk
15656,0.06,Low Risk
15658,0.63,Medium Risk
15660,0.0,Low Risk
15661,0.38,Medium Risk
15665,0.11,Low Risk
15669,0.14,Low Risk
15671,0.0,Low Risk
15673,0.18,Low Risk
15674,0.02,Low Risk
15675,0.05,Low Risk
15676,0.08,Low Risk
15679,0.14,Low Risk
15680,0.0,Low Risk
15681,0.07,Low Risk
15687,0.0,Low Risk
15689,0.7,Medium Risk
15690,0.23,Low Risk
15694,0.0,Low Risk
15695,0.78,High Risk
15696,0.0,Low Risk
15700,0.61,Medium Risk
15701,0.11,Low Risk
15704,0.7,Medium Risk
15706,0.06,Low Risk
15707,0.02,Low Risk
15708,0.0,Low Risk
15712,0.31,Medium Risk
15713,0.39,Medium Risk
15714,0.4,Medium Risk
15716,0.71,High Risk
15719,0.0,Low Risk
15722,0.08,Low Risk
15724,0.74,High Risk
15727,0.0,Low Risk
15730,0.2,Low Risk
15732,0.93,High Risk
15734,0.78,High Risk
15737,0.06,Low Risk
15738,0.0,Low Risk
15743,0.32,Medium Risk
15745,0.08,Low Risk
15747,0.36,Medium Risk
15749,0.86,High Risk
15750,0.0,Low Risk
15752,0.0,Low Risk
15754,0.03,Low Risk
15755,0.0,Low Risk
15756,0.23,Low Risk
15757,0.06,Low Risk
15759,0.71,High Risk
15762,0.04,Low Risk
15763,0.21,Low Risk
15764,0.16,Low Risk
15768,0.8,High Risk
15769,0.0,Low Risk
15777,0.83,High Risk
15780,0.75,High Risk
15781,0.0,Low Risk
15782,0.04,Low Risk
15785,0.31,Medium Risk
15786,0.11,Low Risk
15787,0.05,Low Risk
15791,0.24,Low Risk
15793,0.04,Low Risk
15796,0.0,Low Risk
15797,0.79,High Risk
15799,0.04,Low Risk
15800,0.58,Medium Risk
15801,0.1,Low Risk
15804,0.09,Low Risk
15805,0.0,Low Risk
15806,0.08,Low Risk
15807,0.1,Low Risk
15808,0.68,Medium Risk
15809,0.01,Low Risk
15810,0.11,Low Risk
15811,0.0,Low Risk
15812,0.79,High Risk
15813,0.72,High Risk
15814,0.07,Low Risk
15815,0.03,Low Risk
15819,0.07,Low Risk
15821,0.06,Low Risk
15822,0.0,Low Risk
15826,0.13,Low Risk
15827,0.0,Low Risk
15829,0.89,High Risk
15831,0.01,Low Risk
15834,0.05,Low Risk
15835,0.0,Low Risk
15838,0.0,Low Risk
15839,0.14,Low Risk
15840,0.29,Low Risk
15841,0.04,Low Risk
15845,0.0,Low Risk
15847,0.05,Low Risk
15850,0.06,Low Risk
15852,0.85,High Risk
15854,0.0,Low Risk
15855,0.76,High Risk
15856,0.0,Low Risk
15858,0.0,Low Risk
15860,0.0,Low Risk
15861,0.0,Low Risk
15862,0.0,Low Risk
15863,0.68,Medium Risk
15864,0.01,Low Risk
15865,0.1,Low Risk
15867,0.0,Low Risk
15869,0.67,Medium Risk
15872,0.08,Low Risk
15874,0.0,Low Risk
15877,0.03,Low Risk
15881,0.79,High Risk
15882,0.8,High Risk
15883,0.05,Low Risk
15889,0.68,Medium Risk
15894,0.22,Low Risk
15897,0.96,High Risk
15898,0.01,Low Risk
15901,0.5,Medium Risk
15903,0.0,Low Risk
15906,0.09,Low Risk
15907,0.42,Medium Risk
15910,0.0,Low Risk
15912,0.67,Medium Risk
15916,0.01,Low Risk
15918,0.47,Medium Risk
15919,0.02,Low Risk
15920,0.81,High Risk
15932,0.0,Low Risk
15933,0.01,Low Risk
15938,0.79,High Risk
15939,0.03,Low Risk
15948,0.08,Low Risk
15949,0.19,Low Risk
15950,0.0,Low Risk
15951,0.0,Low Risk
15952,0.05,Low Risk
15953,0.0,Low Risk
15955,0.0,Low Risk
15963,0.11,Low Risk
15965,0.01,Low Risk
15967,0.0,Low Risk
15969,0.08,Low Risk
15971,0.0,Low Risk
15974,0.02,Low Risk
15976,0.62,Medium Risk
15977,0.06,Low Risk
15980,0.63,Medium Risk
15981,0.0,Low Risk
15983,0.0,Low Risk
15984,0.0,Low Risk
15985,0.81,High Risk
15987,0.0,Low Risk
15990,0.08,Low Risk
15993,0.04,Low Risk
15996,0.05,Low Risk
15998,0.0,Low Risk
16000,0.21,Low Risk
16003,0.0,Low Risk
16005,0.08,Low Risk
16007,0.24,Low Risk
16008,0.17,Low Risk
16009,0.38,Medium Risk
16010,0.67,Medium Risk
16011,0.0,Low Risk
16012,0.03,Low Risk
16013,0.0,Low Risk
16014,0.15,Low Risk
16015,0.12,Low Risk
16016,0.02,Low Risk
16018,0.11,Low Risk
16019,0.0,Low Risk
16020,0.06,Low Risk
16023,0.07,Low Risk
16027,0.88,High Risk
16029,0.0,Low Risk
16031,0.75,High Risk
16033,0.0,Low Risk
16034,0.74,High Risk
16036,0.18,Low Risk
16037,0.87,High Risk
16038,0.14,Low Risk
16040,0.03,Low Risk
16041,0.22,Low Risk
16042,0.0,Low Risk
16043,0.04,Low Risk
16045,0.71,High Risk
16048,0.98,High Risk
16049,0.12,Low Risk
16053,0.12,Low Risk
16057,0.04,Low Risk
16059,0.0,Low Risk
16062,0.0,Low Risk
16066,0.33,Medium Risk
16070,0.18,Low Risk
16076,0.17,Low Risk
16079,0.11,Low Risk
16080,0.12,Low Risk
16081,0.0,Low Risk
16083,0.03,Low Risk
16085,0.02,Low Risk
16086,0.0,Low Risk
16091,0.87,High Risk
16092,0.87,High Risk
16094,0.21,Low Risk
16098,0.0,Low Risk
16099,0.15,Low Risk
16102,0.1,Low Risk
16103,0.1,Low Risk
16107,0.08,Low Risk
16109,0.89,High Risk
16110,0.1,Low Risk
16112,0.76,High Risk
16115,0.0,Low Risk
16119,0.33,Medium Risk
16120,0.06,Low Risk
16121,0.33,Medium Risk
16122,0.0,Low Risk
16126,0.19,Low Risk
16128,0.28,Low Risk
16131,0.04,Low Risk
16133,0.0,Low Risk
16134,0.08,Low Risk
16136,0.07,Low Risk
16139,0.54,Medium Risk
16140,0.0,Low Risk
16143,0.05,Low Risk
16145,0.0,Low Risk
16146,0.08,Low Risk
16149,0.26,Low Risk
16150,0.0,Low Risk
16153,0.0,Low Risk
16156,0.0,Low Risk
16157,0.05,Low Risk
16160,0.03,Low Risk
16161,0.0,Low Risk
16163,0.91,High Risk
16164,0.29,Low Risk
16168,0.0,Low Risk
16169,0.08,Low Risk
16170,0.05,Low Risk
16172,0.81,High Risk
16173,0.04,Low Risk
16174,0.67,Medium Risk
16175,0.82,High Risk
16180,0.73,High Risk
16182,0.06,Low Risk
16184,0.39,Medium Risk
16185,0.09,Low Risk
16186,0.0,Low Risk
16187,0.02,Low Risk
16188,0.04,Low Risk
16189,0.58,Medium Risk
16191,0.0,Low Risk
16200,0.05,Low Risk
16201,0.04,Low Risk
16203,0.0,Low Risk
16205,0.08,Low Risk
16206,0.02,Low Risk
16208,0.28,Low Risk
16209,0.07,Low Risk
16210,0.0,Low Risk
16212,0.02,Low Risk
16214,0.66,Medium Risk
16217,0.41,Medium Risk
16218,0.0,Low Risk
16221,0.0,Low Risk
16224,0.08,Low Risk
16225,0.09,Low Risk
16226,0.85,High Risk
16229,0.16,Low Risk
16230,0.72,High Risk
16232,0.08,Low Risk
16233,0.0,Low Risk
16235,0.0,Low Risk
16239,0.81,High Risk
16240,0.08,Low Risk
16241,0.0,Low Risk
16242,0.01,Low Risk
16243,0.46,Medium Risk
16244,0.69,Medium Risk
16245,0.01,Low Risk
16249,0.22,Low Risk
16250,0.9,High Risk
16253,0.07,Low Risk
16255,0.0,Low Risk
16258,0.18,Low Risk
16261,0.03,Low Risk
16265,0.0,Low Risk
16266,0.04,Low Risk
16268,0.32,Medium Risk
16271,0.0,Low Risk
16279,0.1,Low Risk
16283,0.27,Low Risk
16284,0.22,Low Risk
16293,0.0,Low Risk
16295,0.04,Low Risk
16298,0.38,Medium Risk
16303,0.02,Low Risk
16306,0.76,High Risk
16308,0.05,Low Risk
16309,0.72,High Risk
16311,0.26,Low Risk
16313,0.22,Low Risk
16316,0.01,Low Risk
16317,0.79,High Risk
16320,0.77,High Risk
16321,0.16,Low Risk
16322,0.2,Low Risk
16324,0.36,Medium Risk
16325,0.07,Low Risk
16326,0.0,Low Risk
16327,0.0,Low Risk
16330,0.3,Low Risk
16332,0.04,Low Risk
16333,0.0,Low Risk
16341,0.05,Low Risk
16342,0.19,Low Risk
16343,0.05,Low Risk
16347,0.68,Medium Risk
16348,0.05,Low Risk
16350,0.0,Low Risk
16352,0.06,Low Risk
16353,0.0,Low Risk
16354,0.26,Low Risk
16356,0.95,High Risk
16357,0.08,Low Risk
16358,0.08,Low Risk
16359,0.0,Low Risk
16360,0.08,Low Risk
16361,0.09,Low Risk
16362,0.17,Low Risk
16364,0.27,Low Risk
16365,0.0,Low Risk
16367,0.0,Low Risk
16368,0.1,Low Risk
16369,0.29,Low Risk
16370,0.35,Medium Risk
16372,0.05,Low Risk
16374,0.05,Low Risk
16376,0.07,Low Risk
16378,0.74,High Risk
16379,0.17,Low Risk
16383,0.54,Medium Risk
16384,0.1,Low Risk
16385,0.0,Low Risk
16386,0.05,Low Risk
16389,0.16,Low Risk
16393,0.0,Low Risk
16394,0.46,Medium Risk
16395,0.08,Low Risk
16398,0.34,Medium Risk
16399,0.53,Medium Risk
16401,0.0,Low Risk
16402,0.31,Medium Risk
16405,0.63,Medium Risk
16407,0.0,Low Risk
16409,0.01,Low Risk
16411,0.0,Low Risk
16414,0.06,Low Risk
16416,0.15,Low Risk
16418,0.1,Low Risk
16419,0.66,Medium Risk
16422,0.0,Low Risk
16426,0.01,Low Risk
16427,0.29,Low Risk
16431,0.75,High Risk
16434,0.39,Medium Risk
16438,0.06,Low Risk
16440,0.01,Low Risk
16441,0.25,Low Risk
16442,0.0,Low Risk
16444,0.01,Low Risk
16446,0.08,Low Risk
16449,0.77,High Risk
16455,0.0,Low Risk
16456,0.69,Medium Risk
16458,0.0,Low Risk
16460,0.1,Low Risk
16462,0.11,Low Risk
16463,0.04,Low Risk
16464,0.08,Low Risk
16466,0.11,Low Risk
16469,0.0,Low Risk
16470,0.0,Low Risk
16473,0.75,High Risk
16474,0.0,Low Risk
16475,0.12,Low Risk
16477,0.0,Low Risk
16478,0.15,Low Risk
16479,0.26,Low Risk
16484,0.72,High Risk
16488,0.19,Low Risk
16493,0.03,Low Risk
16495,0.03,Low Risk
16496,0.0,Low Risk
16497,0.01,Low Risk
16498,0.99,High Risk
16499,0.12,Low Risk
16500,0.06,Low Risk
16503,0.08,Low Risk
16506,0.24,Low Risk
16511,0.04,Low Risk
16513,0.04,Low Risk
16515,0.02,Low Risk
16518,0.15,Low Risk
16519,0.01,Low Risk
16520,0.62,Medium Risk
16523,0.0,Low Risk
16525,0.0,Low Risk
16531,0.0,Low Risk
16532,0.0,Low Risk
16533,0.04,Low Risk
16539,0.0,Low Risk
16546,0.68,Medium Risk
16549,0.0,Low Risk
16550,0.58,Medium Risk
16551,0.67,Medium Risk
16552,0.69,Medium Risk
16553,0.27,Low Risk
16554,0.0,Low Risk
16555,0.11,Low Risk
16556,0.0,Low Risk
16557,0.22,Low Risk
16558,0.0,Low Risk
16560,0.0,Low Risk
16561,0.62,Medium Risk
16566,0.03,Low Risk
16567,0.86,High Risk
16570,0.0,Low Risk
16571,0.01,Low Risk
16572,0.38,Medium Risk
16573,0.18,Low Risk
16584,0.16,Low Risk
16589,0.86,High Risk
16592,0.0,Low Risk
16593,0.01,Low Risk
16596,0.03,Low Risk
16600,0.01,Low Risk
16603,0.04,Low Risk
16607,0.0,Low Risk
16609,0.04,Low Risk
16612,0.08,Low Risk
16616,0.16,Low Risk
16618,0.0,Low Risk
16620,0.03,Low Risk
16621,0.05,Low Risk
16624,0.23,Low Risk
16626,0.0,Low Risk
16628,0.04,Low Risk
16629,0.12,Low Risk
16633,0.03,Low Risk
16634,0.11,Low Risk
16637,0.13,Low Risk
16638,0.0,Low Risk
16639,0.07,Low Risk
16642,0.21,Low Risk
16644,0.23,Low Risk
16647,0.77,High Risk
16652,0.1,Low Risk
16653,0.25,Low Risk
16654,0.01,Low Risk
16655,0.0,Low Risk
16656,0.0,Low Risk
16657,0.01,Low Risk
16660,0.0,Low Risk
16667,0.2,Low Risk
16668,0.35,Medium Risk
16669,0.15,Low Risk
16670,0.0,Low Risk
16671,0.25,Low Risk
16672,0.01,Low Risk
16674,0.77,High Risk
16676,0.0,Low Risk
16678,0.0,Low Risk
16681,0.14,Low Risk
16682,0.2,Low Risk
16684,0.0,Low Risk
16685,0.24,Low Risk
16686,0.0,Low Risk
16688,0.01,Low Risk
16689,0.46,Medium Risk
16690,0.04,Low Risk
16692,0.74,High Risk
16693,0.03,Low Risk
16696,0.61,Medium Risk
16698,0.68,Medium Risk
16700,0.0,Low Risk
16701,0.0,Low Risk
16705,0.0,Low Risk
16706,0.29,Low Risk
16709,0.08,Low Risk
16710,0.0,Low Risk
16711,0.0,Low Risk
16712,0.0,Low Risk
16713,0.01,Low Risk
16714,0.94,High Risk
16716,0.71,High Risk
16717,0.0,Low Risk
16719,0.0,Low Risk
16722,0.0,Low Risk
16723,0.07,Low Risk
16725,0.68,Medium Risk
16726,0.01,Low Risk
16728,0.12,Low Risk
16729,0.2,Low Risk
16730,0.08,Low Risk
16734,0.04,Low Risk
16735,0.12,Low Risk
16743,0.0,Low Risk
16744,0.0,Low Risk
16745,0.1,Low Risk
16746,0.0,Low Risk
16747,0.14,Low Risk
16748,0.0,Low Risk
16750,0.19,Low Risk
16755,0.71,High Risk
16759,0.07,Low Risk
16762,0.25,Low Risk
16764,0.18,Low Risk
16766,0.94,High Risk
16767,0.0,Low Risk
16768,0.04,Low Risk
16770,0.0,Low Risk
16771,0.0,Low Risk
16774,0.23,Low Risk
16775,0.0,Low Risk
16777,0.09,Low Risk
16778,0.21,Low Risk
16779,0.0,Low Risk
16780,0.87,High Risk
16782,0.0,Low Risk
16788,0.78,High Risk
16790,0.06,Low Risk
16791,0.0,Low Risk
16792,0.99,High Risk
16794,0.05,Low Risk
16801,0.65,Medium Risk
16804,0.0,Low Risk
16805,0.6,Medium Risk
16806,0.29,Low Risk
16807,0.63,Medium Risk
16808,0.18,Low Risk
16809,0.08,Low Risk
16811,0.02,Low Risk
16813,0.04,Low Risk
16814,0.0,Low Risk
16816,0.65,Medium Risk
16817,0.0,Low Risk
16818,0.04,Low Risk
16824,0.1,Low Risk
16825,0.34,Medium Risk
16832,0.78,High Risk
16833,0.0,Low Risk
16835,0.67,Medium Risk
16836,0.15,Low Risk
16837,0.12,Low Risk
16838,0.73,High Risk
16839,0.0,Low Risk
16841,0.01,Low Risk
16842,0.72,High Risk
16843,0.0,Low Risk
16851,0.21,Low Risk
16852,0.64,Medium Risk
16855,0.14,Low Risk
16859,0.81,High Risk
16861,0.64,Medium Risk
16863,0.0,Low Risk
16866,0.53,Medium Risk
16869,0.08,Low Risk
16871,0.0,Low Risk
16872,0.35,Medium Risk
16873,0.06,Low Risk
16875,0.47,Medium Risk
16877,0.11,Low Risk
16880,0.02,Low Risk
16882,0.07,Low Risk
16883,0.68,Medium Risk
16884,0.45,Medium Risk
16885,0.01,Low Risk
16889,0.71,High Risk
16891,0.0,Low Risk
16892,0.19,Low Risk
16897,0.71,High Risk
16898,0.0,Low Risk
16899,0.0,Low Risk
16900,0.08,Low Risk
16904,0.0,Low Risk
16905,0.01,Low Risk
16906,0.49,Medium Risk
16907,0.01,Low Risk
16910,0.11,Low Risk
16912,0.01,Low Risk
16915,0.37,Medium Risk
16916,0.0,Low Risk
16918,0.21,Low Risk
16919,0.72,High Risk
16923,0.0,Low Risk
16924,0.06,Low Risk
16927,0.0,Low Risk
16928,0.0,Low Risk
16929,0.0,Low Risk
16930,0.15,Low Risk
16931,0.0,Low Risk
16933,0.04,Low Risk
16934,0.21,Low Risk
16938,0.01,Low Risk
16940,0.01,Low Risk
16942,0.08,Low Risk
16943,0.84,High Risk
16945,0.0,Low Risk
16948,0.68,Medium Risk
16949,0.0,Low Risk
16950,0.0,Low Risk
16951,0.88,High Risk
16952,0.93,High Risk
16954,0.0,Low Risk
16955,0.66,Medium Risk
16957,0.38,Medium Risk
16960,0.07,Low Risk
16966,0.03,Low Risk
16968,0.19,Low Risk
16969,0.12,Low Risk
16979,0.0,Low Risk
16980,0.74,High Risk
16983,0.0,Low Risk
16984,0.05,Low Risk
16985,0.0,Low Risk
16986,0.3,Low Risk
16987,0.02,Low Risk
16989,0.15,Low Risk
16992,0.04,Low Risk
16996,0.0,Low Risk
16997,0.67,Medium Risk
16998,0.81,High Risk
16999,0.11,Low Risk
17001,0.0,Low Risk
17002,0.2,Low Risk
17004,0.15,Low Risk
17006,0.08,Low Risk
17007,0.0,Low Risk
17014,0.05,Low Risk
17015,0.05,Low Risk
17017,0.0,Low Risk
17018,0.0,Low Risk
17019,0.0,Low Risk
17024,0.48,Medium Risk
17025,0.01,Low Risk
17026,0.78,High Risk
17027,0.24,Low Risk
17029,0.75,High Risk
17031,0.1,Low Risk
17033,0.12,Low Risk
17034,0.04,Low Risk
17035,0.78,High Risk
17041,0.0,Low Risk
17042,0.01,Low Risk
17043,0.31,Medium Risk
17045,0.72,High Risk
17047,0.07,Low Risk
17048,0.73,High Risk
17049,0.0,Low Risk
17050,0.8,High Risk
17054,0.19,Low Risk
17058,0.05,Low Risk
17059,0.0,Low Risk
17061,0.17,Low Risk
17062,0.67,Medium Risk
17063,0.13,Low Risk
17064,0.01,Low Risk
17068,0.0,Low Risk
17069,0.0,Low Risk
17071,0.05,Low Risk
17073,0.27,Low Risk
17075,0.0,Low Risk
17076,0.0,Low Risk
17078,0.28,Low Risk
17080,0.03,Low Risk
17081,0.46,Medium Risk
17082,0.02,Low Risk
17083,0.79,High Risk
17084,0.13,Low Risk
17085,0.7,Medium Risk
17086,0.01,Low Risk
17088,0.03,Low Risk
17090,0.0,Low Risk
17091,0.0,Low Risk
17092,0.17,Low Risk
17095,0.0,Low Risk
17096,0.0,Low Risk
17097,0.0,Low Risk
17100,0.21,Low Risk
17101,0.17,Low Risk
17105,0.77,High Risk
17107,0.17,Low Risk
17109,0.29,Low Risk
17114,0.16,Low Risk
17115,0.11,Low Risk
17119,0.71,High Risk
17126,0.89,High Risk
17131,0.05,Low Risk
17133,0.01,Low Risk
17134,0.88,High Risk
17135,0.0,Low Risk
17139,0.0,Low Risk
17144,0.15,Low Risk
17146,0.7,Medium Risk
17147,0.0,Low Risk
17152,0.07,Low Risk
17155,0.29,Low Risk
17157,0.16,Low Risk
17158,0.02,Low Risk
17159,0.13,Low Risk
17160,0.31,Medium Risk
17162,0.0,Low Risk
17163,0.11,Low Risk
17164,0.02,Low Risk
17166,0.21,Low Risk
17169,0.31,Medium Risk
17173,0.15,Low Risk
17175,0.01,Low Risk
17179,0.79,High Risk
17180,0.0,Low Risk
17181,0.0,Low Risk
17183,0.2,Low Risk
17186,0.26,Low Risk
17188,0.0,Low Risk
17189,0.55,Medium Risk
17190,0.14,Low Risk
17191,0.0,Low Risk
17193,0.04,Low Risk
17198,0.0,Low Risk
17203,0.04,Low Risk
17204,0.76,High Risk
17211,0.0,Low Risk
17213,0.0,Low Risk
17214,0.0,Low Risk
17218,0.0,Low Risk
17220,0.0,Low Risk
17221,0.07,Low Risk
17223,0.81,High Risk
17227,0.0,Low Risk
17228,0.0,Low Risk
17229,0.58,Medium Risk
17230,0.48,Medium Risk
17231,0.0,Low Risk
17232,0.34,Medium Risk
17235,0.01,Low Risk
17236,0.0,Low Risk
17237,0.91,High Risk
17238,0.0,Low Risk
17242,0.75,High Risk
17243,0.0,Low Risk
17250,0.2,Low Risk
17252,0.82,High Risk
17254,0.34,Medium Risk
17255,0.0,Low Risk
17256,0.68,Medium Risk
17259,0.71,High Risk
17262,0.0,Low Risk
17265,0.86,High Risk
17266,0.4,Medium Risk
17267,0.71,High Risk
17268,0.26,Low Risk
17272,0.13,Low Risk
17277,0.41,Medium Risk
17282,0.82,High Risk
17284,0.0,Low Risk
17287,0.0,Low Risk
17288,0.0,Low Risk
17289,0.19,Low Risk
17290,0.03,Low Risk
17293,0.0,Low Risk
17295,0.37,Medium Risk
17298,0.66,Medium Risk
17299,0.18,Low Risk
17302,0.0,Low Risk
17306,0.0,Low Risk
17311,0.01,Low Risk
17312,0.24,Low Risk
17314,0.0,Low Risk
17315,0.02,Low Risk
17317,0.04,Low Risk
17320,0.6,Medium Risk
17321,0.08,Low Risk
17323,0.02,Low Risk
17324,0.0,Low Risk
17329,0.0,Low Risk
17330,0.07,Low Risk
17334,0.86,High Risk
17337,0.65,Medium Risk
17338,0.0,Low Risk
17339,0.0,Low Risk
17340,0.0,Low Risk
17341,0.21,Low Risk
17345,0.1,Low Risk
17346,0.0,Low Risk
17348,0.0,Low Risk
17350,0.08,Low Risk
17351,0.01,Low Risk
17353,0.79,High Risk
17357,0.3,Low Risk
17358,0.25,Low Risk
17360,0.14,Low Risk
17361,0.03,Low Risk
17362,0.43,Medium Risk
17364,0.0,Low Risk
17365,0.0,Low Risk
17368,0.0,Low Risk
17370,0.2,Low Risk
17371,0.04,Low Risk
17372,0.0,Low Risk
17373,0.04,Low Risk
17374,0.68,Medium Risk
17375,0.66,Medium Risk
17376,0.29,Low Risk
17377,0.0,Low Risk
17381,0.0,Low Risk
17384,0.05,Low Risk
17386,0.39,Medium Risk
17387,0.23,Low Risk
17388,0.72,High Risk
17389,0.0,Low Risk
17391,0.78,High Risk
17392,0.65,Medium Risk
17396,0.03,Low Risk
17397,0.2,Low Risk
17398,0.68,Medium Risk
17400,0.05,Low Risk
17402,0.01,Low Risk
17404,0.0,Low Risk
17405,0.18,Low Risk
17406,0.66,Medium Risk
17409,0.66,Medium Risk
17410,0.33,Medium Risk
17411,0.09,Low Risk
17412,0.0,Low Risk
17414,0.32,Medium Risk
17416,0.08,Low Risk
17418,0.0,Low Risk
17419,0.0,Low Risk
17420,0.0,Low Risk
17422,0.06,Low Risk
17423,0.21,Low Risk
17425,0.15,Low Risk
17426,0.0,Low Risk
17428,0.0,Low Risk
17429,0.95,High Risk
17430,0.05,Low Risk
17432,0.05,Low Risk
17434,0.03,Low Risk
17436,0.04,Low Risk
17440,0.8,High Risk
17442,0.02,Low Risk
17444,0.12,Low Risk
17446,0.84,High Risk
17447,0.2,Low Risk
17449,0.0,Low Risk
17450,0.0,Low Risk
17451,0.07,Low Risk
17453,0.06,Low Risk
17454,0.76,High Risk
17457,0.83,High Risk
17459,0.34,Medium Risk
17460,0.64,Medium Risk
17461,0.0,Low Risk
17462,0.02,Low Risk
17463,0.0,Low Risk
17466,0.11,Low Risk
17468,0.06,Low Risk
17469,0.02,Low Risk
17470,0.0,Low Risk
17472,0.84,High Risk
17481,0.11,Low Risk
17483,0.63,Medium Risk
17489,0.07,Low Risk
17490,0.03,Low Risk
17491,0.0,Low Risk
17495,0.14,Low Risk
17500,0.12,Low Risk
17501,0.76,High Risk
17502,0.54,Medium Risk
17503,0.6,Medium Risk
17504,0.7,Medium Risk
17505,0.74,High Risk
17507,0.93,High Risk
17509,0.38,Medium Risk
17511,0.0,Low Risk
17512,0.0,Low Risk
17515,0.0,Low Risk
17516,0.0,Low Risk
17519,0.0,Low Risk
17521,0.31,Medium Risk
17522,0.18,Low Risk
17523,0.19,Low Risk
17526,0.0,Low Risk
17527,0.05,Low Risk
17528,0.22,Low Risk
17530,0.0,Low Risk
17537,0.02,Low Risk
17540,0.0,Low Risk
17545,0.09,Low Risk
17549,0.13,Low Risk
17550,0.82,High Risk
17552,0.0,Low Risk
17554,0.23,Low Risk
17555,0.0,Low Risk
17557,0.14,Low Risk
17560,0.63,Medium Risk
17562,0.03,Low Risk
17564,0.34,Medium Risk
17566,0.2,Low Risk
17567,0.0,Low Risk
17571,0.03,Low Risk
17572,0.03,Low Risk
17573,0.28,Low Risk
17576,0.0,Low Risk
17579,0.67,Medium Risk
17580,0.83,High Risk
17581,0.0,Low Risk
17584,0.24,Low Risk
17585,0.33,Medium Risk
17588,0.65,Medium Risk
17589,0.01,Low Risk
17590,0.08,Low Risk
17591,0.0,Low Risk
17593,0.0,Low Risk
17594,0.17,Low Risk
17595,0.07,Low Risk
17596,0.0,Low Risk
17602,0.0,Low Risk
17604,0.82,High Risk
17608,0.89,High Risk
17609,0.0,Low Risk
17611,0.0,Low Risk
17612,0.0,Low Risk
17613,0.0,Low Risk
17615,0.85,High Risk
17616,0.6,Medium Risk
17618,0.0,Low Risk
17621,0.0,Low Risk
17624,0.1,Low Risk
17625,0.08,Low Risk
17629,0.0,Low Risk
17630,0.84,High Risk
17631,0.04,Low Risk
17633,0.25,Low Risk
17634,0.0,Low Risk
17637,0.17,Low Risk
17642,0.6,Medium Risk
17644,0.0,Low Risk
17646,0.73,High Risk
17648,0.08,Low Risk
17651,0.22,Low Risk
17652,0.0,Low Risk
17653,0.09,Low Risk
17655,0.0,Low Risk
17656,0.24,Low Risk
17658,0.1,Low Risk
17659,0.01,Low Risk
17663,0.04,Low Risk
17664,0.03,Low Risk
17666,0.13,Low Risk
17667,0.12,Low Risk
17668,0.19,Low Risk
17669,0.07,Low Risk
17671,0.0,Low Risk
17672,0.03,Low Risk
17673,0.0,Low Risk
17674,0.01,Low Risk
17675,0.0,Low Risk
17676,0.0,Low Risk
17677,0.0,Low Risk
17679,0.17,Low Risk
17682,0.0,Low Risk
17685,0.0,Low Risk
17686,0.0,Low Risk
17690,0.0,Low Risk
17691,0.87,High Risk
17692,0.0,Low Risk
17695,0.32,Medium Risk
17696,0.0,Low Risk
17700,0.24,Low Risk
17702,0.03,Low Risk
17703,0.26,Low Risk
17704,0.44,Medium Risk
17705,0.0,Low Risk
17706,0.0,Low Risk
17707,0.35,Medium Risk
17708,0.69,Medium Risk
17711,0.09,Low Risk
17716,0.01,Low Risk
17719,0.03,Low Risk
17720,0.0,Low Risk
17722,0.63,Medium Risk
17723,0.7,Medium Risk
17724,0.05,Low Risk
17725,0.01,Low Risk
17728,0.03,Low Risk
17730,0.0,Low Risk
17731,0.13,Low Risk
17733,0.03,Low Risk
17734,0.15,Low Risk
17735,0.0,Low Risk
17736,0.2,Low Risk
17737,0.26,Low Risk
17738,0.18,Low Risk
17739,0.0,Low Risk
17742,0.7,Medium Risk
17744,0.0,Low Risk
17749,0.86,High Risk
17750,0.13,Low Risk
17754,0.02,Low Risk
17757,0.0,Low Risk
17758,0.01,Low Risk
17759,0.4,Medium Risk
17760,0.0,Low Risk
17764,0.1,Low Risk
17765,0.41,Medium Risk
17768,0.15,Low Risk
17769,0.0,Low Risk
17770,0.38,Medium Risk
17771,0.01,Low Risk
17772,0.39,Medium Risk
17774,0.71,High Risk
17777,0.18,Low Risk
17779,0.12,Low Risk
17781,0.91,High Risk
17783,0.16,Low Risk
17786,0.25,Low Risk
17787,0.67,Medium Risk
17788,0.17,Low Risk
17790,0.0,Low Risk
17795,0.93,High Risk
17796,0.0,Low Risk
17797,0.09,Low Risk
17799,0.0,Low Risk
17800,0.0,Low Risk
17802,0.02,Low Risk
17809,0.0,Low Risk
17811,0.01,Low Risk
17812,0.0,Low Risk
17813,0.16,Low Risk
17816,0.04,Low Risk
17817,0.08,Low Risk
17819,0.02,Low Risk
17827,0.0,Low Risk
17828,0.12,Low Risk
17830,0.0,Low Risk
17835,0.59,Medium Risk
17837,0.05,Low Risk
17838,0.0,Low Risk
17841,0.01,Low Risk
17848,0.2,Low Risk
17849,0.67,Medium Risk
17850,0.79,High Risk
17852,0.99,High Risk
17854,0.96,High Risk
17856,0.03,Low Risk
17857,0.0,Low Risk
17858,0.0,Low Risk
17861,0.0,Low Risk
17863,0.0,Low Risk
17864,0.03,Low Risk
17865,0.0,Low Risk
17867,0.04,Low Risk
17869,0.2,Low Risk
17870,0.0,Low Risk
17873,0.0,Low Risk
17874,0.73,High Risk
17883,0.03,Low Risk
17884,0.01,Low Risk
17886,0.07,Low Risk
17888,0.17,Low Risk
17889,0.65,Medium Risk
17890,0.71,High Risk
17892,0.38,Medium Risk
17894,0.0,Low Risk
17897,0.16,Low Risk
17898,0.24,Low Risk
17900,0.99,High Risk
17905,0.0,Low Risk
17912,0.89,High Risk
17913,0.0,Low Risk
17917,0.0,Low Risk
17920,0.0,Low Risk
17921,0.03,Low Risk
17924,0.0,Low Risk
17926,0.47,Medium Risk
17928,0.07,Low Risk
17929,0.01,Low Risk
17930,0.32,Medium Risk
17931,0.94,High Risk
17932,0.57,Medium Risk
17934,0.02,Low Risk
17935,0.19,Low Risk
17937,0.0,Low Risk
17940,0.01,Low Risk
17946,0.23,Low Risk
17949,0.0,Low Risk
17950,0.0,Low Risk
17951,0.0,Low Risk
17954,0.0,Low Risk
17955,0.43,Medium Risk
17961,0.02,Low Risk
17964,0.01,Low Risk
17965,0.0,Low Risk
17966,0.23,Low Risk
17969,0.66,Medium Risk
17974,0.19,Low Risk
17975,0.0,Low Risk
17979,0.12,Low Risk
17980,0.7,Medium Risk
17988,0.07,Low Risk
17990,0.77,High Risk
17991,0.95,High Risk
17994,0.78,High Risk
17997,0.09,Low Risk
17999,0.07,Low Risk
18001,0.48,Medium Risk
18005,0.18,Low Risk
18008,0.05,Low Risk
18013,0.94,High Risk
18016,0.0,Low Risk
18017,0.16,Low Risk
18018,0.93,High Risk
18024,0.77,High Risk
18030,0.31,Medium Risk
18034,0.32,Medium Risk
18035,0.01,Low Risk
18036,0.05,Low Risk
18037,0.83,High Risk
18040,0.13,Low Risk
18041,0.0,Low Risk
18043,0.0,Low Risk
18044,0.0,Low Risk
18048,0.91,High Risk
18055,0.0,Low Risk
18059,0.25,Low Risk
18061,0.0,Low Risk
18062,0.71,High Risk
18064,0.37,Medium Risk
18065,0.0,Low Risk
18069,0.0,Low Risk
18071,0.79,High Risk
18073,0.67,Medium Risk
18075,0.0,Low Risk
18077,0.0,Low Risk
18078,0.88,High Risk
18079,0.07,Low Risk
18080,0.05,Low Risk
18081,0.58,Medium Risk
18085,0.15,Low Risk
18092,0.0,Low Risk
18093,0.72,High Risk
18094,0.09,Low Risk
18095,0.09,Low Risk
18096,0.01,Low Risk
18097,0.0,Low Risk
18101,0.06,Low Risk
18102,0.0,Low Risk
18109,0.0,Low Risk
18112,0.13,Low Risk
18116,0.0,Low Risk
18118,0.0,Low Risk
18121,0.72,High Risk
18122,0.0,Low Risk
18123,0.1,Low Risk
18125,0.01,Low Risk
18127,0.15,Low Risk
18130,0.31,Medium Risk
18135,0.1,Low Risk
18136,0.02,Low Risk
18139,0.34,Medium Risk
18142,0.47,Medium Risk
18143,0.78,High Risk
18144,0.0,Low Risk
18145,0.02,Low Risk
18146,0.83,High Risk
18147,0.36,Medium Risk
18149,0.05,Low Risk
18150,0.15,Low Risk
18151,0.86,High Risk
18154,0.16,Low Risk
18155,0.14,Low Risk
18156,0.0,Low Risk
18158,0.22,Low Risk
18160,0.2,Low Risk
18161,0.0,Low Risk
18167,0.08,Low Risk
18168,0.73,High Risk
18170,0.52,Medium Risk
18171,0.03,Low Risk
18172,0.0,Low Risk
18173,0.05,Low Risk
18177,0.16,Low Risk
18178,0.64,Medium Risk
18179,0.0,Low Risk
18180,0.0,Low Risk
18183,0.99,High Risk
18188,0.09,Low Risk
18189,0.21,Low Risk
18190,0.71,High Risk
18196,0.72,High Risk
18198,0.0,Low Risk
18202,0.19,Low Risk
18204,0.24,Low Risk
18205,0.25,Low Risk
18210,0.03,Low Risk
18211,0.03,Low Risk
18217,0.86,High Risk
18218,0.78,High Risk
18219,0.0,Low Risk
18221,0.03,Low Risk
18223,0.0,Low Risk
18225,0.0,Low Risk
18226,0.0,Low Risk
18228,0.36,Medium Risk
18229,0.0,Low Risk
18230,0.0,Low Risk
18231,0.75,High Risk
18232,0.19,Low Risk
18235,0.15,Low Risk
18236,0.28,Low Risk
18237,0.22,Low Risk
18239,0.74,High Risk
18241,0.1,Low Risk
18242,0.05,Low Risk
18245,0.0,Low Risk
18246,0.06,Low Risk
18248,0.49,Medium Risk
18252,0.9,High Risk
18257,0.0,Low Risk
18259,0.0,Low Risk
18260,0.59,Medium Risk
18261,0.48,Medium Risk
18263,0.07,Low Risk
18265,0.2,Low Risk
18270,0.07,Low Risk
18272,0.05,Low Risk
18273,0.17,Low Risk
18282,0.18,Low Risk
18283,0.0,Low Risk
18287,0.06,Low Risk
